{
  "credit": "Made with Blockbench",
  "parent": "magic:base/lit",
  "texture_size": [
    32,
    32
  ],
  "textures": {
    "0": "magic:other/bow2",
    "1": "minecraft:block/white_wool",
    "particle": "magic:other/bow2"
  },
  "elements": [
    {
      "from": [
        7.48,
        0.50983,
        10.5292
      ],
      "to": [
        8.5,
        3.50983,
        13.5292
      ],
      "rotation": {
        "angle": -22.5,
        "axis": "x",
        "origin": [
          8.00005,
          2.00983,
          12.0292
        ]
      },
      "faces": {
        "north": {
          "uv": [
            1.25,
            0.75,
            1.75,
            2.25
          ],
          "texture": "#0"
        },
        "east": {
          "uv": [
            5,
            2,
            3,
            0
          ],
          "texture": "#0"
        },
        "south": {
          "uv": [
            2.25,
            0.25,
            2.75,
            1.75
          ],
          "texture": "#0"
        },
        "west": {
          "uv": [
            3,
            2,
            5,
            0
          ],
          "texture": "#0"
        },
        "up": {
          "uv": [
            1.75,
            2.5,
            1.25,
            1
          ],
          "texture": "#0"
        },
        "down": {
          "uv": [
            1.75,
            7,
            1.25,
            8.5
          ],
          "texture": "#0"
        }
      }
    },
    {
      "from": [
        7.48,
        24.59017,
        10.5292
      ],
      "to": [
        8.5,
        27.59017,
        13.5292
      ],
      "rotation": {
        "angle": 22.5,
        "axis": "x",
        "origin": [
          8.00005,
          26.09017,
          12.0292
        ]
      },
      "faces": {
        "north": {
          "uv": [
            1.25,
            2.25,
            1.75,
            0.75
          ],
          "texture": "#0"
        },
        "east": {
          "uv": [
            5,
            0,
            3,
            2
          ],
          "texture": "#0"
        },
        "south": {
          "uv": [
            2.25,
            1.75,
            2.75,
            0.25
          ],
          "texture": "#0"
        },
        "west": {
          "uv": [
            3,
            0,
            5,
            2
          ],
          "texture": "#0"
        },
        "up": {
          "uv": [
            1.75,
            8.5,
            1.25,
            7
          ],
          "texture": "#0"
        },
        "down": {
          "uv": [
            1.75,
            1,
            1.25,
            2.5
          ],
          "texture": "#0"
        }
      }
    },
    {
      "from": [
        7.488,
        0.71495,
        10.03445
      ],
      "to": [
        8.503,
        6.71495,
        11.53445
      ],
      "rotation": {
        "angle": -45,
        "axis": "x",
        "origin": [
          8.00852,
          1.99268,
          10.34251
        ]
      },
      "faces": {
        "north": {
          "uv": [
            1.25,
            0,
            1.75,
            3
          ],
          "texture": "#0"
        },
        "east": {
          "uv": [
            1,
            0,
            0,
            3
          ],
          "texture": "#0"
        },
        "south": {
          "uv": [
            2.25,
            0,
            2.75,
            3
          ],
          "texture": "#0"
        },
        "west": {
          "uv": [
            0,
            0,
            1,
            3
          ],
          "texture": "#0"
        },
        "up": {
          "uv": [
            5,
            8,
            4.5,
            7
          ],
          "texture": "#0"
        },
        "down": {
          "uv": [
            7.5,
            7,
            7,
            8
          ],
          "texture": "#0"
        }
      }
    },
    {
      "from": [
        7.488,
        21.38505,
        10.03445
      ],
      "to": [
        8.503,
        27.38505,
        11.53445
      ],
      "rotation": {
        "angle": 45,
        "axis": "x",
        "origin": [
          8.00852,
          26.10732,
          10.34251
        ]
      },
      "faces": {
        "north": {
          "uv": [
            1.25,
            3,
            1.75,
            0
          ],
          "texture": "#0"
        },
        "east": {
          "uv": [
            1,
            3,
            0,
            0
          ],
          "texture": "#0"
        },
        "south": {
          "uv": [
            2.25,
            3,
            2.75,
            0
          ],
          "texture": "#0"
        },
        "west": {
          "uv": [
            0,
            3,
            1,
            0
          ],
          "texture": "#0"
        },
        "up": {
          "uv": [
            7.5,
            8,
            7,
            7
          ],
          "texture": "#0"
        },
        "down": {
          "uv": [
            5,
            7,
            4.5,
            8
          ],
          "texture": "#0"
        }
      }
    },
    {
      "from": [
        7.499,
        5.114,
        6.78553
      ],
      "to": [
        8.4991,
        11.114,
        8.28553
      ],
      "rotation": {
        "angle": 0,
        "axis": "x",
        "origin": [
          7,
          11.1209,
          6.5
        ]
      },
      "faces": {
        "north": {
          "uv": [
            1.25,
            0,
            1.75,
            3
          ],
          "texture": "#0"
        },
        "east": {
          "uv": [
            1,
            0,
            0,
            3
          ],
          "texture": "#0"
        },
        "south": {
          "uv": [
            2.25,
            0,
            2.75,
            3
          ],
          "texture": "#0"
        },
        "west": {
          "uv": [
            0,
            0,
            1,
            3
          ],
          "texture": "#0"
        },
        "up": {
          "uv": [
            7.5,
            3,
            7,
            2
          ],
          "texture": "#0"
        },
        "down": {
          "uv": [
            7.5,
            3,
            7,
            4
          ],
          "texture": "#0"
        }
      }
    },
    {
      "from": [
        7.499,
        16.986,
        6.78553
      ],
      "to": [
        8.4991,
        22.986,
        8.28553
      ],
      "rotation": {
        "angle": 0,
        "axis": "x",
        "origin": [
          7,
          16.9791,
          6.5
        ]
      },
      "faces": {
        "north": {
          "uv": [
            1.25,
            3,
            1.75,
            0
          ],
          "texture": "#0"
        },
        "east": {
          "uv": [
            1,
            3,
            0,
            0
          ],
          "texture": "#0"
        },
        "south": {
          "uv": [
            2.25,
            3,
            2.75,
            0
          ],
          "texture": "#0"
        },
        "west": {
          "uv": [
            0,
            3,
            1,
            0
          ],
          "texture": "#0"
        },
        "up": {
          "uv": [
            7.5,
            4,
            7,
            3
          ],
          "texture": "#0"
        },
        "down": {
          "uv": [
            7.5,
            2,
            7,
            3
          ],
          "texture": "#0"
        }
      }
    },
    {
      "from": [
        7.25,
        12.1209,
        6.75
      ],
      "to": [
        8.75,
        16.1209,
        8.25
      ],
      "rotation": {
        "angle": 0,
        "axis": "x",
        "origin": [
          7.74937,
          10.10588,
          9.98713
        ]
      },
      "faces": {
        "north": {
          "uv": [
            6,
            6.5,
            7,
            8.5
          ],
          "texture": "#0"
        },
        "east": {
          "uv": [
            6,
            6.5,
            7,
            8.5
          ],
          "texture": "#0"
        },
        "south": {
          "uv": [
            6,
            6.5,
            7,
            8.5
          ],
          "texture": "#0"
        },
        "west": {
          "uv": [
            6,
            6.5,
            7,
            8.5
          ],
          "texture": "#0"
        },
        "up": {
          "uv": [
            7,
            7.5,
            6,
            6.5
          ],
          "texture": "#0"
        },
        "down": {
          "uv": [
            7,
            7.5,
            6,
            6.5
          ],
          "texture": "#0"
        }
      }
    },
    {
      "from": [
        7.95,
        1.9209,
        16.31961
      ],
      "to": [
        8.05,
        14.1209,
        16.41961
      ],
      "rotation": {
        "angle": 22.5,
        "axis": "x",
        "origin": [
          8.2,
          13.4209,
          16.26961
        ]
      },
      "faces": {
        "north": {
          "uv": [
            2,
            2,
            2.5,
            8
          ],
          "texture": "#1"
        },
        "east": {
          "uv": [
            2.5,
            2.5,
            3,
            8.5
          ],
          "texture": "#1"
        },
        "south": {
          "uv": [
            3,
            3,
            3.5,
            9
          ],
          "texture": "#1"
        },
        "west": {
          "uv": [
            3.5,
            3.5,
            4,
            9.5
          ],
          "texture": "#1"
        },
        "up": {
          "uv": [
            1,
            0.5,
            0.5,
            0
          ],
          "texture": "#1"
        },
        "down": {
          "uv": [
            1.5,
            0,
            1,
            0.5
          ],
          "texture": "#1"
        }
      }
    },
    {
      "from": [
        7.95,
        13.8791,
        16.31961
      ],
      "to": [
        8.05,
        26.1791,
        16.41961
      ],
      "rotation": {
        "angle": -22.5,
        "axis": "x",
        "origin": [
          8.2,
          14.6791,
          16.26961
        ]
      },
      "faces": {
        "north": {
          "uv": [
            2,
            8,
            2.5,
            2
          ],
          "texture": "#1"
        },
        "east": {
          "uv": [
            2.5,
            8.5,
            3,
            2.5
          ],
          "texture": "#1"
        },
        "south": {
          "uv": [
            3,
            9,
            3.5,
            3
          ],
          "texture": "#1"
        },
        "west": {
          "uv": [
            3.5,
            9.5,
            4,
            3.5
          ],
          "texture": "#1"
        },
        "up": {
          "uv": [
            1.5,
            0.5,
            1,
            0
          ],
          "texture": "#1"
        },
        "down": {
          "uv": [
            1,
            0,
            0.5,
            0.5
          ],
          "texture": "#1"
        }
      }
    },
    {
      "from": [
        7,
        11.1209,
        6.5
      ],
      "to": [
        9,
        12.1209,
        8.5
      ],
      "rotation": {
        "angle": 0,
        "axis": "x",
        "origin": [
          7.49937,
          6.10588,
          9.73713
        ]
      },
      "faces": {
        "north": {
          "uv": [
            7.5,
            2.5,
            8.5,
            3
          ],
          "texture": "#0"
        },
        "east": {
          "uv": [
            7.5,
            3.25,
            8.5,
            3.75
          ],
          "texture": "#0"
        },
        "south": {
          "uv": [
            7.5,
            3.5,
            8.5,
            4
          ],
          "texture": "#0"
        },
        "west": {
          "uv": [
            7.5,
            2.75,
            8.5,
            3.25
          ],
          "texture": "#0"
        },
        "up": {
          "uv": [
            8.5,
            3.5,
            7.5,
            2.5
          ],
          "texture": "#0"
        },
        "down": {
          "uv": [
            8.5,
            1.5,
            7.5,
            2.5
          ],
          "texture": "#0"
        }
      }
    },
    {
      "from": [
        7,
        16.1209,
        6.5
      ],
      "to": [
        9,
        17.1209,
        8.5
      ],
      "rotation": {
        "angle": 0,
        "axis": "x",
        "origin": [
          7.49937,
          11.10588,
          9.73713
        ]
      },
      "faces": {
        "north": {
          "uv": [
            7.5,
            2.5,
            8.5,
            3
          ],
          "texture": "#0"
        },
        "east": {
          "uv": [
            7.5,
            3.25,
            8.5,
            3.75
          ],
          "texture": "#0"
        },
        "south": {
          "uv": [
            7.5,
            3.5,
            8.5,
            4
          ],
          "texture": "#0"
        },
        "west": {
          "uv": [
            7.5,
            2.75,
            8.5,
            3.25
          ],
          "texture": "#0"
        },
        "up": {
          "uv": [
            8.5,
            3.5,
            7.5,
            2.5
          ],
          "texture": "#0"
        },
        "down": {
          "uv": [
            8.5,
            1.5,
            7.5,
            2.5
          ],
          "texture": "#0"
        }
      }
    },
    {
      "from": [
        7,
        14.1,
        14.5
      ],
      "to": [
        9,
        14.1,
        16.5
      ],
      "rotation": {
        "angle": 45,
        "axis": "z",
        "origin": [
          8,
          14.1,
          15.5
        ]
      },
      "faces": {
        "north": {
          "uv": [
            1,
            0,
            2,
            0
          ],
          "texture": "#1"
        },
        "east": {
          "uv": [
            1,
            0,
            2,
            0
          ],
          "texture": "#1"
        },
        "south": {
          "uv": [
            1,
            0,
            2,
            0
          ],
          "texture": "#1"
        },
        "west": {
          "uv": [
            1,
            0,
            2,
            0
          ],
          "texture": "#1"
        },
        "up": {
          "uv": [
            0,
            1,
            1,
            2
          ],
          "texture": "#1"
        },
        "down": {
          "uv": [
            0,
            1,
            1,
            2
          ],
          "texture": "#1"
        }
      }
    },
    {
      "from": [
        8,
        13.6,
        -2.1
      ],
      "to": [
        8,
        14.6,
        -1.1
      ],
      "rotation": {
        "angle": 45,
        "axis": "x",
        "origin": [
          8,
          14.1,
          -1.6
        ]
      },
      "faces": {
        "north": {
          "uv": [
            1,
            0,
            1.5,
            0
          ],
          "rotation": 90,
          "texture": "#0"
        },
        "east": {
          "uv": [
            7.5,
            3.75,
            8,
            4.25
          ],
          "texture": "#0"
        },
        "south": {
          "uv": [
            1,
            0,
            1.5,
            0
          ],
          "rotation": 270,
          "texture": "#0"
        },
        "west": {
          "uv": [
            7.5,
            4,
            8,
            4.5
          ],
          "rotation": 180,
          "texture": "#0"
        },
        "up": {
          "uv": [
            1,
            0,
            1.5,
            0
          ],
          "rotation": 270,
          "texture": "#0"
        },
        "down": {
          "uv": [
            1,
            0,
            1.5,
            0
          ],
          "rotation": 270,
          "texture": "#0"
        }
      }
    },
    {
      "from": [
        8,
        13.1,
        14.5
      ],
      "to": [
        8,
        15.1,
        16.5
      ],
      "rotation": {
        "angle": 45,
        "axis": "z",
        "origin": [
          8,
          14.1,
          15.5
        ]
      },
      "faces": {
        "north": {
          "uv": [
            0,
            0,
            1,
            0
          ],
          "rotation": 270,
          "texture": "#1"
        },
        "east": {
          "uv": [
            0,
            1,
            1,
            2
          ],
          "rotation": 270,
          "texture": "#1"
        },
        "south": {
          "uv": [
            0,
            0,
            1,
            0
          ],
          "rotation": 90,
          "texture": "#1"
        },
        "west": {
          "uv": [
            0,
            1,
            1,
            2
          ],
          "rotation": 270,
          "texture": "#1"
        },
        "up": {
          "uv": [
            1,
            0,
            2,
            0
          ],
          "rotation": 270,
          "texture": "#1"
        },
        "down": {
          "uv": [
            1,
            0,
            2,
            0
          ],
          "rotation": 270,
          "texture": "#1"
        }
      }
    },
    {
      "from": [
        7.875,
        14,
        -1.5
      ],
      "to": [
        8.125,
        14.25,
        16.5
      ],
      "rotation": {
        "angle": 0,
        "axis": "y",
        "origin": [
          7.875,
          14.4,
          16.5
        ]
      },
      "faces": {
        "north": {
          "uv": [
            0,
            0,
            0.125,
            0.125
          ],
          "texture": "#0"
        },
        "east": {
          "uv": [
            0,
            0,
            0.25,
            8
          ],
          "rotation": 90,
          "texture": "#0"
        },
        "south": {
          "uv": [
            0,
            0,
            0.125,
            0.125
          ],
          "texture": "#0"
        },
        "west": {
          "uv": [
            0,
            0,
            0.25,
            8
          ],
          "rotation": 90,
          "texture": "#0"
        },
        "up": {
          "uv": [
            0,
            0,
            0.25,
            8
          ],
          "rotation": 90,
          "texture": "#0"
        },
        "down": {
          "uv": [
            0,
            0,
            0.25,
            8
          ],
          "texture": "#0"
        }
      }
    }
  ],
  "overrides": [
    {
      "predicate": {
        "pulling": 1
      },
      "model": "item/bow_pulling_0"
    },
    {
      "predicate": {
        "pulling": 1,
        "pull": 0.65
      },
      "model": "item/bow_pulling_1"
    },
    {
      "predicate": {
        "pulling": 1,
        "pull": 0.9
      },
      "model": "item/bow_pulling_2"
    }
  ],
  "display": {
    "thirdperson_righthand": {
      "translation": [
        0,
        -5.25,
        2.5
      ]
    },
    "thirdperson_lefthand": {
      "translation": [
        0,
        -5.25,
        2.25
      ]
    },
    "firstperson_righthand": {
      "rotation": [
        6,
        0,
        -16
      ],
      "translation": [
        4.5,
        0,
        -4.5
      ]
    },
    "firstperson_lefthand": {
      "rotation": [
        6,
        0,
        -16
      ],
      "translation": [
        4.5,
        0,
        -4.5
      ]
    },
    "ground": {
      "rotation": [
        0,
        0,
        90
      ],
      "translation": [
        3,
        2,
        0
      ],
      "scale": [
        0.5,
        0.5,
        0.5
      ]
    },
    "gui": {
      "rotation": [
        -90,
        135,
        90
      ],
      "translation": [
        -4.25,
        -2.25,
        -0.5
      ],
      "scale": [
        0.75,
        0.75,
        0.75
      ]
    },
    "head": {
      "scale": [
        2,
        2,
        2
      ]
    },
    "fixed": {
      "rotation": [
        -90,
        -135,
        90
      ],
      "translation": [
        -2.5,
        4,
        -0.5
      ],
      "scale": [
        0.75,
        0.75,
        0.75
      ]
    }
  }
}