{
  "credit": "Made with Blockbench",
  "parent": "magic:base/lit",
  "textures": {
    "1": "magic:other/egypt",
    "2": "magic:other/bow2",
    "particle": "magic:other/egypt",
    "texture3": "minecraft:block/white_wool"
  },
  "elements": [
    {
      "from": [
        7.51,
        13.35237,
        0.51241
      ],
      "to": [
        8.49,
        17.35237,
        1.01241
      ],
      "rotation": {
        "angle": 45,
        "axis": "x",
        "origin": [
          7.5,
          13.35237,
          0.31241
        ]
      },
      "faces": {
        "north": {
          "uv": [
            6,
            6,
            7,
            10
          ],
          "texture": "#1"
        },
        "east": {
          "uv": [
            1,
            9,
            1.5,
            13
          ],
          "texture": "#1"
        },
        "south": {
          "uv": [
            6,
            0,
            7,
            4
          ],
          "texture": "#1"
        },
        "west": {
          "uv": [
            5,
            9,
            5.5,
            13
          ],
          "texture": "#1"
        },
        "up": {
          "uv": [
            3,
            1.5,
            2,
            1
          ],
          "texture": "#1"
        },
        "down": {
          "uv": [
            4,
            0,
            3,
            0.5
          ],
          "texture": "#1"
        }
      }
    },
    {
      "from": [
        7.51,
        5.34763,
        0.51241
      ],
      "to": [
        8.49,
        9.34763,
        1.01241
      ],
      "rotation": {
        "angle": -45,
        "axis": "x",
        "origin": [
          7.5,
          9.34763,
          0.51241
        ]
      },
      "faces": {
        "north": {
          "uv": [
            7,
            0,
            8,
            4
          ],
          "texture": "#1"
        },
        "east": {
          "uv": [
            9,
            9,
            9.5,
            13
          ],
          "texture": "#1"
        },
        "south": {
          "uv": [
            4,
            8,
            5,
            12
          ],
          "texture": "#1"
        },
        "west": {
          "uv": [
            9,
            0,
            9.5,
            4
          ],
          "texture": "#1"
        },
        "up": {
          "uv": [
            6,
            4.5,
            5,
            4
          ],
          "texture": "#1"
        },
        "down": {
          "uv": [
            7,
            4,
            6,
            4.5
          ],
          "texture": "#1"
        }
      }
    },
    {
      "from": [
        7.5,
        9.35237,
        0.31241
      ],
      "to": [
        8.5,
        13.35237,
        1.31241
      ],
      "rotation": {
        "angle": 0,
        "axis": "x",
        "origin": [
          7.5,
          9.35237,
          0.31241
        ]
      },
      "faces": {
        "north": {
          "uv": [
            4,
            4,
            5,
            8
          ],
          "texture": "#1"
        },
        "east": {
          "uv": [
            4,
            0,
            5,
            4
          ],
          "texture": "#1"
        },
        "south": {
          "uv": [
            5,
            5,
            6,
            9
          ],
          "texture": "#1"
        },
        "west": {
          "uv": [
            5,
            0,
            6,
            4
          ],
          "texture": "#1"
        },
        "up": {
          "uv": [
            2,
            1,
            1,
            0
          ],
          "texture": "#1"
        },
        "down": {
          "uv": [
            3,
            0,
            2,
            1
          ],
          "texture": "#1"
        }
      }
    },
    {
      "from": [
        7.55,
        15.94845,
        3.73439
      ],
      "to": [
        8.55,
        16.44845,
        11.73439
      ],
      "rotation": {
        "angle": -22.5,
        "axis": "x",
        "origin": [
          7.52,
          15.1074,
          4.5366
        ]
      },
      "faces": {
        "north": {
          "uv": [
            4,
            2,
            3,
            2.5
          ],
          "rotation": 180,
          "texture": "#1"
        },
        "east": {
          "uv": [
            7,
            7,
            7.5,
            15
          ],
          "rotation": 270,
          "texture": "#1"
        },
        "south": {
          "uv": [
            4,
            1.5,
            3,
            1
          ],
          "texture": "#1"
        },
        "west": {
          "uv": [
            0,
            8,
            0.5,
            16
          ],
          "rotation": 90,
          "texture": "#1"
        },
        "up": {
          "uv": [
            0,
            0,
            1,
            8
          ],
          "rotation": 180,
          "texture": "#1"
        },
        "down": {
          "uv": [
            1,
            1,
            2,
            9
          ],
          "texture": "#1"
        }
      }
    },
    {
      "from": [
        7.51,
        6.5192,
        3.34084
      ],
      "to": [
        8.51,
        7.0192,
        11.34084
      ],
      "rotation": {
        "angle": 22.5,
        "axis": "x",
        "origin": [
          7.51,
          6.5192,
          3.34084
        ]
      },
      "faces": {
        "north": {
          "uv": [
            7,
            5.5,
            6,
            5
          ],
          "rotation": 180,
          "texture": "#1"
        },
        "east": {
          "uv": [
            8,
            8,
            8.5,
            16
          ],
          "rotation": 90,
          "texture": "#1"
        },
        "south": {
          "uv": [
            8,
            4,
            7,
            4.5
          ],
          "texture": "#1"
        },
        "west": {
          "uv": [
            8,
            0,
            8.5,
            8
          ],
          "rotation": 270,
          "texture": "#1"
        },
        "up": {
          "uv": [
            3,
            3,
            4,
            11
          ],
          "texture": "#1"
        },
        "down": {
          "uv": [
            2,
            2,
            3,
            10
          ],
          "rotation": 180,
          "texture": "#1"
        }
      }
    },
    {
      "from": [
        7.95,
        4.1,
        7.55
      ],
      "to": [
        8.05,
        14.5,
        7.65
      ],
      "rotation": {
        "angle": 45,
        "axis": "x",
        "origin": [
          7.95,
          0.3,
          8.85
        ]
      },
      "faces": {
        "north": {
          "uv": [
            0,
            0,
            0.1,
            16
          ],
          "texture": "#texture3"
        },
        "east": {
          "uv": [
            0,
            0,
            0.1,
            16
          ],
          "texture": "#texture3"
        },
        "south": {
          "uv": [
            0,
            0,
            0.1,
            16
          ],
          "texture": "#texture3"
        },
        "west": {
          "uv": [
            0,
            0,
            0.1,
            16
          ],
          "texture": "#texture3"
        },
        "up": {
          "uv": [
            0,
            0,
            0.1,
            0.1
          ],
          "texture": "#texture3"
        },
        "down": {
          "uv": [
            0,
            0,
            0.1,
            0.1
          ],
          "texture": "#texture3"
        }
      }
    },
    {
      "from": [
        7.95,
        7.9,
        7.45
      ],
      "to": [
        8.05,
        18.5,
        7.55
      ],
      "rotation": {
        "angle": -45,
        "axis": "x",
        "origin": [
          7.95,
          22.3,
          8.85
        ]
      },
      "faces": {
        "north": {
          "uv": [
            0,
            0,
            0.1,
            16
          ],
          "texture": "#texture3"
        },
        "east": {
          "uv": [
            0,
            0,
            0.1,
            16
          ],
          "texture": "#texture3"
        },
        "south": {
          "uv": [
            0,
            0,
            0.1,
            16
          ],
          "texture": "#texture3"
        },
        "west": {
          "uv": [
            0,
            0,
            0.1,
            16
          ],
          "texture": "#texture3"
        },
        "up": {
          "uv": [
            0,
            0,
            0.1,
            0.1
          ],
          "texture": "#texture3"
        },
        "down": {
          "uv": [
            0,
            0,
            0.1,
            0.1
          ],
          "texture": "#texture3"
        }
      }
    },
    {
      "from": [
        7.875,
        11.2,
        -0.1
      ],
      "to": [
        8.125,
        11.45,
        17.9
      ],
      "rotation": {
        "angle": 0,
        "axis": "y",
        "origin": [
          0.875,
          0,
          4.5
        ]
      },
      "faces": {
        "north": {
          "uv": [
            0,
            0,
            0.25,
            0.25
          ],
          "texture": "#2"
        },
        "east": {
          "uv": [
            0,
            0,
            0.25,
            9
          ],
          "rotation": 90,
          "texture": "#2"
        },
        "south": {
          "uv": [
            0,
            0,
            0.25,
            0.25
          ],
          "texture": "#2"
        },
        "west": {
          "uv": [
            0,
            0,
            0.25,
            9
          ],
          "rotation": 90,
          "texture": "#2"
        },
        "up": {
          "uv": [
            0,
            0,
            0.25,
            9
          ],
          "texture": "#2"
        },
        "down": {
          "uv": [
            0,
            0,
            0.25,
            9
          ],
          "texture": "#2"
        }
      }
    },
    {
      "from": [
        8,
        10.8,
        -0.8
      ],
      "to": [
        8,
        11.8,
        0.2
      ],
      "rotation": {
        "angle": -45,
        "axis": "x",
        "origin": [
          8,
          11.4,
          -0.3
        ]
      },
      "faces": {
        "north": {
          "uv": [
            0,
            0,
            0,
            1
          ],
          "texture": "#2"
        },
        "east": {
          "uv": [
            7.5,
            4,
            8,
            4.5
          ],
          "texture": "#2"
        },
        "south": {
          "uv": [
            0,
            0,
            0,
            1
          ],
          "texture": "#2"
        },
        "west": {
          "uv": [
            7.5,
            4,
            8,
            4.5
          ],
          "texture": "#2"
        },
        "up": {
          "uv": [
            0,
            0,
            0,
            1
          ],
          "texture": "#2"
        },
        "down": {
          "uv": [
            0,
            0,
            0,
            1
          ],
          "texture": "#2"
        }
      }
    },
    {
      "from": [
        8,
        10.3,
        15.8
      ],
      "to": [
        8,
        12.3,
        17.8
      ],
      "rotation": {
        "angle": 45,
        "axis": "z",
        "origin": [
          8,
          11.3,
          16.8
        ]
      },
      "faces": {
        "north": {
          "uv": [
            0,
            0,
            0,
            2
          ],
          "texture": "#texture3"
        },
        "east": {
          "uv": [
            0,
            0,
            2,
            2
          ],
          "texture": "#texture3"
        },
        "south": {
          "uv": [
            0,
            0,
            0,
            2
          ],
          "texture": "#texture3"
        },
        "west": {
          "uv": [
            0,
            0,
            2,
            2
          ],
          "texture": "#texture3"
        },
        "up": {
          "uv": [
            0,
            0,
            0,
            2
          ],
          "texture": "#texture3"
        },
        "down": {
          "uv": [
            0,
            0,
            0,
            2
          ],
          "texture": "#texture3"
        }
      }
    },
    {
      "from": [
        7,
        11.3,
        15.8
      ],
      "to": [
        9,
        11.3,
        17.8
      ],
      "rotation": {
        "angle": 45,
        "axis": "z",
        "origin": [
          8,
          11.3,
          16.8
        ]
      },
      "faces": {
        "north": {
          "uv": [
            0,
            0,
            0,
            2
          ],
          "rotation": 90,
          "texture": "#texture3"
        },
        "east": {
          "uv": [
            0,
            0,
            0,
            2
          ],
          "rotation": 270,
          "texture": "#texture3"
        },
        "south": {
          "uv": [
            0,
            0,
            0,
            2
          ],
          "rotation": 270,
          "texture": "#texture3"
        },
        "west": {
          "uv": [
            0,
            0,
            0,
            2
          ],
          "rotation": 270,
          "texture": "#texture3"
        },
        "up": {
          "uv": [
            0,
            0,
            2,
            2
          ],
          "rotation": 270,
          "texture": "#texture3"
        },
        "down": {
          "uv": [
            0,
            0,
            2,
            2
          ],
          "rotation": 270,
          "texture": "#texture3"
        }
      }
    }
  ],
  "display": {
    "thirdperson_righthand": {
      "translation": [
        0,
        -5.25,
        8.25
      ]
    },
    "thirdperson_lefthand": {
      "translation": [
        0,
        -5.25,
        8.25
      ]
    },
    "firstperson_righthand": {
      "rotation": [
        6,
        0,
        -16
      ],
      "translation": [
        4.5,
        0,
        2.5
      ]
    },
    "firstperson_lefthand": {
      "rotation": [
        6,
        0,
        -16
      ],
      "translation": [
        4.5,
        0,
        2.5
      ]
    },
    "ground": {
      "rotation": [
        0,
        0,
        90
      ],
      "translation": [
        2,
        1,
        2
      ],
      "scale": [
        0.5,
        0.5,
        0.5
      ]
    },
    "gui": {
      "rotation": [
        -90,
        135,
        90
      ],
      "translation": [
        -1,
        -2.5,
        -0.5
      ],
      "scale": [
        0.75,
        0.75,
        0.75
      ]
    },
    "head": {
      "scale": [
        2,
        2,
        2
      ]
    },
    "fixed": {
      "rotation": [
        -90,
        -135,
        90
      ],
      "translation": [
        -3,
        1.75,
        -0.5
      ]
    }
  }
}