{
  "credit": "Made with Blockbench",
  "parent": "magic:base/lit",
  "texture_size": [
    64,
    64
  ],
  "textures": {
    "0": "magic:other/longbow",
    "1": "minecraft:block/white_wool",
    "2": "magic:other/bow2",
    "particle": "magic:other/longbow"
  },
  "elements": [
    {
      "from": [
        7.25,
        13.19961,
        13.93879
      ],
      "to": [
        8.75,
        13.69961,
        17.93879
      ],
      "rotation": {
        "angle": -22.5,
        "axis": "x",
        "origin": [
          7.249,
          9.87278,
          4.7
        ]
      },
      "faces": {
        "north": {
          "uv": [
            1,
            7,
            0.25,
            7.25
          ],
          "rotation": 180,
          "texture": "#0"
        },
        "east": {
          "uv": [
            0.25,
            1.75,
            0.5,
            3.75
          ],
          "rotation": 270,
          "texture": "#0"
        },
        "south": {
          "uv": [
            2,
            1.5,
            1.25,
            1.25
          ],
          "texture": "#0"
        },
        "west": {
          "uv": [
            1,
            3.5,
            1.25,
            5.5
          ],
          "rotation": 90,
          "texture": "#0"
        },
        "up": {
          "uv": [
            1.5,
            5,
            2.25,
            7
          ],
          "rotation": 180,
          "texture": "#0"
        },
        "down": {
          "uv": [
            1.25,
            2.5,
            2,
            4.5
          ],
          "texture": "#0"
        }
      }
    },
    {
      "from": [
        7.25,
        0.04594,
        13.9388
      ],
      "to": [
        8.75,
        0.54594,
        17.9388
      ],
      "rotation": {
        "angle": 22.5,
        "axis": "x",
        "origin": [
          7.249,
          3.87278,
          4.7
        ]
      },
      "faces": {
        "north": {
          "uv": [
            1.75,
            3.75,
            1,
            3.5
          ],
          "rotation": 180,
          "texture": "#0"
        },
        "east": {
          "uv": [
            1.5,
            3.75,
            1.75,
            5.75
          ],
          "rotation": 90,
          "texture": "#0"
        },
        "south": {
          "uv": [
            1.25,
            4.5,
            0.5,
            4.75
          ],
          "texture": "#0"
        },
        "west": {
          "uv": [
            1.75,
            4,
            2,
            6
          ],
          "rotation": 270,
          "texture": "#0"
        },
        "up": {
          "uv": [
            1.25,
            3.25,
            2,
            5.25
          ],
          "texture": "#0"
        },
        "down": {
          "uv": [
            1,
            5.75,
            1.75,
            7.75
          ],
          "rotation": 180,
          "texture": "#0"
        }
      }
    },
    {
      "from": [
        7.25,
        20.84106,
        17.98635
      ],
      "to": [
        8.75,
        24.84106,
        18.48635
      ],
      "rotation": {
        "angle": 0,
        "axis": "x",
        "origin": [
          7.249,
          9.87278,
          4.7
        ]
      },
      "faces": {
        "north": {
          "uv": [
            1.25,
            1.5,
            2,
            3.5
          ],
          "texture": "#0"
        },
        "east": {
          "uv": [
            0.5,
            1.5,
            0.75,
            3.5
          ],
          "texture": "#0"
        },
        "south": {
          "uv": [
            0.75,
            1.75,
            1.5,
            3.75
          ],
          "texture": "#0"
        },
        "west": {
          "uv": [
            1.25,
            3.25,
            1.5,
            5.25
          ],
          "texture": "#0"
        },
        "up": {
          "uv": [
            1.75,
            6.5,
            1,
            6.25
          ],
          "texture": "#0"
        },
        "down": {
          "uv": [
            2.5,
            5,
            1.75,
            5.25
          ],
          "texture": "#0"
        }
      }
    },
    {
      "from": [
        7.25,
        -11.09551,
        17.98636
      ],
      "to": [
        8.75,
        -7.09551,
        18.48636
      ],
      "rotation": {
        "angle": 0,
        "axis": "x",
        "origin": [
          7.249,
          3.87278,
          4.7
        ]
      },
      "faces": {
        "north": {
          "uv": [
            1.25,
            3.5,
            2,
            1.5
          ],
          "texture": "#0"
        },
        "east": {
          "uv": [
            0.5,
            3.5,
            0.75,
            1.5
          ],
          "texture": "#0"
        },
        "south": {
          "uv": [
            0.75,
            3.75,
            1.5,
            1.75
          ],
          "texture": "#0"
        },
        "west": {
          "uv": [
            1.25,
            5.25,
            1.5,
            3.25
          ],
          "texture": "#0"
        },
        "up": {
          "uv": [
            2.5,
            5.25,
            1.75,
            5
          ],
          "texture": "#0"
        },
        "down": {
          "uv": [
            1.75,
            6.25,
            1,
            6.5
          ],
          "texture": "#0"
        }
      }
    },
    {
      "from": [
        7.25,
        -15.72775,
        12.70149
      ],
      "to": [
        8.75,
        -11.72775,
        13.20149
      ],
      "rotation": {
        "angle": 22.5,
        "axis": "x",
        "origin": [
          7.25,
          -11.72775,
          13.70149
        ]
      },
      "faces": {
        "north": {
          "uv": [
            6,
            6,
            6.75,
            8
          ],
          "texture": "#0"
        },
        "east": {
          "uv": [
            7.5,
            2,
            7.75,
            4
          ],
          "texture": "#0"
        },
        "south": {
          "uv": [
            6,
            0,
            6.75,
            2
          ],
          "texture": "#0"
        },
        "west": {
          "uv": [
            7.5,
            4,
            7.75,
            6
          ],
          "texture": "#0"
        },
        "up": {
          "uv": [
            8.75,
            8.25,
            8,
            8
          ],
          "texture": "#0"
        },
        "down": {
          "uv": [
            8.75,
            0,
            8,
            0.25
          ],
          "texture": "#0"
        }
      }
    },
    {
      "from": [
        7.249,
        23.37695,
        6.19267
      ],
      "to": [
        8.751,
        27.37695,
        6.69267
      ],
      "rotation": {
        "angle": 45,
        "axis": "x",
        "origin": [
          7.249,
          9.87278,
          4.7
        ]
      },
      "faces": {
        "north": {
          "uv": [
            0.75,
            4.75,
            1.5,
            6.75
          ],
          "texture": "#0"
        },
        "east": {
          "uv": [
            0.75,
            3.25,
            1,
            5.25
          ],
          "texture": "#0"
        },
        "south": {
          "uv": [
            1.5,
            1.25,
            2.25,
            3.25
          ],
          "texture": "#0"
        },
        "west": {
          "uv": [
            1.75,
            1.75,
            2,
            3.75
          ],
          "texture": "#0"
        },
        "up": {
          "uv": [
            1.25,
            7,
            0.5,
            6.75
          ],
          "texture": "#0"
        },
        "down": {
          "uv": [
            1.5,
            6.75,
            0.75,
            7
          ],
          "texture": "#0"
        }
      }
    },
    {
      "from": [
        7.249,
        -13.6314,
        6.19267
      ],
      "to": [
        8.751,
        -9.6314,
        6.69267
      ],
      "rotation": {
        "angle": -45,
        "axis": "x",
        "origin": [
          7.249,
          3.87278,
          4.7
        ]
      },
      "faces": {
        "north": {
          "uv": [
            0,
            5,
            0.75,
            7
          ],
          "texture": "#0"
        },
        "east": {
          "uv": [
            1.5,
            1.5,
            1.75,
            3.5
          ],
          "texture": "#0"
        },
        "south": {
          "uv": [
            1,
            3.25,
            1.75,
            5.25
          ],
          "texture": "#0"
        },
        "west": {
          "uv": [
            0.25,
            4.75,
            0.5,
            6.75
          ],
          "texture": "#0"
        },
        "up": {
          "uv": [
            1.25,
            4,
            0.5,
            3.75
          ],
          "texture": "#0"
        },
        "down": {
          "uv": [
            0.75,
            5.25,
            0,
            5.5
          ],
          "texture": "#0"
        }
      }
    },
    {
      "from": [
        7.249,
        9.87278,
        4.7
      ],
      "to": [
        8.751,
        19.87278,
        5.2
      ],
      "rotation": {
        "angle": 45,
        "axis": "x",
        "origin": [
          7.249,
          9.87278,
          4.7
        ]
      },
      "faces": {
        "north": {
          "uv": [
            0.5,
            3.25,
            1.25,
            8.25
          ],
          "texture": "#0"
        },
        "east": {
          "uv": [
            1.5,
            2.5,
            1.75,
            7.5
          ],
          "texture": "#0"
        },
        "south": {
          "uv": [
            1.5,
            4.5,
            2.25,
            9.5
          ],
          "texture": "#0"
        },
        "west": {
          "uv": [
            0.5,
            2.25,
            0.75,
            7.25
          ],
          "texture": "#0"
        },
        "up": {
          "uv": [
            1.5,
            8.25,
            0.75,
            8
          ],
          "texture": "#0"
        },
        "down": {
          "uv": [
            1.25,
            1,
            0.5,
            1.25
          ],
          "texture": "#0"
        }
      }
    },
    {
      "from": [
        7.249,
        -6.12722,
        4.7
      ],
      "to": [
        8.751,
        3.87278,
        5.2
      ],
      "rotation": {
        "angle": -45,
        "axis": "x",
        "origin": [
          7.249,
          3.87278,
          4.7
        ]
      },
      "faces": {
        "north": {
          "uv": [
            1,
            1.75,
            1.75,
            6.75
          ],
          "texture": "#0"
        },
        "east": {
          "uv": [
            1.75,
            5.75,
            2,
            10.75
          ],
          "texture": "#0"
        },
        "south": {
          "uv": [
            1,
            0.75,
            1.75,
            5.75
          ],
          "texture": "#0"
        },
        "west": {
          "uv": [
            1.5,
            3.5,
            1.75,
            8.5
          ],
          "texture": "#0"
        },
        "up": {
          "uv": [
            2.25,
            7.5,
            1.5,
            7.25
          ],
          "texture": "#0"
        },
        "down": {
          "uv": [
            1.25,
            4.75,
            0.5,
            5
          ],
          "texture": "#0"
        }
      }
    },
    {
      "from": [
        7,
        3.87278,
        4.5
      ],
      "to": [
        9,
        9.87278,
        5.5
      ],
      "rotation": {
        "angle": 0,
        "axis": "y",
        "origin": [
          0.3,
          -12.42722,
          7
        ]
      },
      "faces": {
        "north": {
          "uv": [
            3.25,
            0,
            4.25,
            3
          ],
          "texture": "#0"
        },
        "east": {
          "uv": [
            5,
            0,
            5.5,
            3
          ],
          "texture": "#0"
        },
        "south": {
          "uv": [
            4.25,
            0,
            5.25,
            3
          ],
          "texture": "#0"
        },
        "west": {
          "uv": [
            4,
            0,
            4.5,
            3
          ],
          "texture": "#0"
        },
        "up": {
          "uv": [
            5,
            1.5,
            4,
            2
          ],
          "texture": "#0"
        },
        "down": {
          "uv": [
            5,
            1.5,
            4,
            2
          ],
          "texture": "#0"
        }
      }
    },
    {
      "from": [
        7.95,
        -5.12722,
        13.85
      ],
      "to": [
        8.05,
        14.37278,
        13.95
      ],
      "rotation": {
        "angle": 45,
        "axis": "x",
        "origin": [
          7.95,
          -11.22722,
          13.85
        ]
      },
      "faces": {
        "north": {
          "uv": [
            0,
            0,
            0.25,
            9
          ],
          "texture": "#1"
        },
        "east": {
          "uv": [
            0.25,
            0.25,
            0.5,
            9.25
          ],
          "texture": "#1"
        },
        "south": {
          "uv": [
            0.5,
            0.5,
            0.75,
            9.5
          ],
          "texture": "#1"
        },
        "west": {
          "uv": [
            0.75,
            0.75,
            1,
            9.75
          ],
          "texture": "#1"
        },
        "up": {
          "uv": [
            0.5,
            0.25,
            0.25,
            0
          ],
          "texture": "#1"
        },
        "down": {
          "uv": [
            0.75,
            0,
            0.5,
            0.25
          ],
          "texture": "#1"
        }
      }
    },
    {
      "from": [
        7.95,
        -0.72722,
        13.85
      ],
      "to": [
        8.05,
        18.77278,
        13.95
      ],
      "rotation": {
        "angle": -45,
        "axis": "x",
        "origin": [
          7.95,
          24.97278,
          13.85
        ]
      },
      "faces": {
        "north": {
          "uv": [
            0,
            0,
            0.25,
            9
          ],
          "texture": "#1"
        },
        "east": {
          "uv": [
            0.25,
            0.25,
            0.5,
            9.25
          ],
          "texture": "#1"
        },
        "south": {
          "uv": [
            0.5,
            0.5,
            0.75,
            9.5
          ],
          "texture": "#1"
        },
        "west": {
          "uv": [
            0.75,
            0.75,
            1,
            9.75
          ],
          "texture": "#1"
        },
        "up": {
          "uv": [
            0.5,
            0.25,
            0.25,
            0
          ],
          "texture": "#1"
        },
        "down": {
          "uv": [
            0.75,
            0,
            0.5,
            0.25
          ],
          "texture": "#1"
        }
      }
    },
    {
      "from": [
        7.875,
        6.7,
        -0.1
      ],
      "to": [
        8.125,
        6.95,
        31.9
      ],
      "rotation": {
        "angle": 0,
        "axis": "y",
        "origin": [
          7.875,
          0,
          18.4
        ]
      },
      "faces": {
        "north": {
          "uv": [
            0,
            0,
            0.25,
            0.25
          ],
          "texture": "#2"
        },
        "east": {
          "uv": [
            0,
            0,
            0.25,
            8
          ],
          "rotation": 90,
          "texture": "#2"
        },
        "south": {
          "uv": [
            0,
            0,
            0.25,
            0.25
          ],
          "texture": "#2"
        },
        "west": {
          "uv": [
            0,
            0,
            0.25,
            8
          ],
          "rotation": 90,
          "texture": "#2"
        },
        "up": {
          "uv": [
            0,
            0,
            0.25,
            8
          ],
          "texture": "#2"
        },
        "down": {
          "uv": [
            0,
            0,
            0.25,
            8
          ],
          "texture": "#2"
        }
      }
    },
    {
      "from": [
        8,
        6.4,
        -0.7
      ],
      "to": [
        8,
        7.4,
        0.3
      ],
      "rotation": {
        "angle": -45,
        "axis": "x",
        "origin": [
          8,
          6.9,
          -0.1
        ]
      },
      "faces": {
        "north": {
          "uv": [
            0,
            0,
            0,
            0.25
          ],
          "rotation": 180,
          "texture": "#2"
        },
        "east": {
          "uv": [
            7.5,
            4,
            8,
            4.5
          ],
          "rotation": 90,
          "texture": "#2"
        },
        "south": {
          "uv": [
            0,
            0,
            0,
            0.25
          ],
          "texture": "#2"
        },
        "west": {
          "uv": [
            7.5,
            4,
            8,
            4.5
          ],
          "rotation": 270,
          "texture": "#2"
        },
        "up": {
          "uv": [
            0,
            0,
            0,
            0.25
          ],
          "texture": "#2"
        },
        "down": {
          "uv": [
            0,
            0,
            0,
            0.25
          ],
          "rotation": 180,
          "texture": "#2"
        }
      }
    },
    {
      "from": [
        8,
        5.8,
        29.9
      ],
      "to": [
        8,
        7.8,
        31.9
      ],
      "rotation": {
        "angle": 45,
        "axis": "z",
        "origin": [
          8,
          6.8,
          30.9
        ]
      },
      "faces": {
        "north": {
          "uv": [
            0,
            0,
            0,
            0.5
          ],
          "texture": "#1"
        },
        "east": {
          "uv": [
            0,
            0,
            0.5,
            0.5
          ],
          "texture": "#1"
        },
        "south": {
          "uv": [
            0,
            0,
            0,
            0.5
          ],
          "texture": "#1"
        },
        "west": {
          "uv": [
            0,
            0,
            0.5,
            0.5
          ],
          "texture": "#1"
        },
        "up": {
          "uv": [
            0,
            0,
            0,
            0.5
          ],
          "texture": "#1"
        },
        "down": {
          "uv": [
            0,
            0,
            0,
            0.5
          ],
          "texture": "#1"
        }
      }
    },
    {
      "from": [
        7,
        6.8,
        29.9
      ],
      "to": [
        9,
        6.8,
        31.9
      ],
      "rotation": {
        "angle": 45,
        "axis": "z",
        "origin": [
          8,
          6.8,
          30.9
        ]
      },
      "faces": {
        "north": {
          "uv": [
            0,
            0,
            0,
            0.5
          ],
          "rotation": 270,
          "texture": "#1"
        },
        "east": {
          "uv": [
            0,
            0,
            0,
            0.5
          ],
          "rotation": 90,
          "texture": "#1"
        },
        "south": {
          "uv": [
            0,
            0,
            0,
            0.5
          ],
          "rotation": 90,
          "texture": "#1"
        },
        "west": {
          "uv": [
            0,
            0,
            0,
            0.5
          ],
          "rotation": 90,
          "texture": "#1"
        },
        "up": {
          "uv": [
            0,
            0,
            0.5,
            0.5
          ],
          "rotation": 90,
          "texture": "#1"
        },
        "down": {
          "uv": [
            0,
            0,
            0.5,
            0.5
          ],
          "rotation": 90,
          "texture": "#1"
        }
      }
    }
  ],
  "display": {
    "thirdperson_righthand": {
      "translation": [
        0,
        -0.5,
        5
      ]
    },
    "thirdperson_lefthand": {
      "translation": [
        0,
        -0.5,
        5
      ]
    },
    "firstperson_righthand": {
      "rotation": [
        15,
        0,
        0
      ],
      "translation": [
        5,
        3,
        -5
      ]
    },
    "firstperson_lefthand": {
      "rotation": [
        25,
        0,
        0
      ],
      "translation": [
        5,
        2,
        0
      ]
    },
    "ground": {
      "rotation": [
        0,
        0,
        90
      ],
      "translation": [
        -0.5,
        0,
        3.5
      ],
      "scale": [
        0.5,
        0.5,
        0.5
      ]
    },
    "gui": {
      "rotation": [
        -90,
        135,
        90
      ],
      "translation": [
        -0.5,
        1.5,
        0
      ],
      "scale": [
        0.5,
        0.5,
        0.5
      ]
    },
    "head": {
      "translation": [
        0,
        2.25,
        12.5
      ],
      "scale": [
        2,
        2,
        2
      ]
    },
    "fixed": {
      "rotation": [
        -90,
        -135,
        90
      ],
      "translation": [
        -0.65,
        -1.5,
        -0.25
      ],
      "scale": [
        0.5,
        0.5,
        0.5
      ]
    }
  }
}