{
  "credit": "Made with Blockbench by Phantom, used in the Magic plugin with permission",
  "parent": "magic:base/lit",
  "ambientocclusion": false,
  "textures": {
    "0": "magic:other/brush",
    "1": "magic:other/handle",
    "particle": "magic:other/brush"
  },
  "elements": [
    {
      "from": [
        -3,
        7.25,
        7.25
      ],
      "to": [
        -2.5,
        8.75,
        8.75
      ],
      "rotation": {
        "angle": -45,
        "axis": "x",
        "origin": [
          -2.75,
          8,
          8
        ]
      },
      "faces": {
        "north": {
          "uv": [
            4,
            8,
            5,
            10
          ],
          "texture": "#1"
        },
        "east": {
          "uv": [
            0,
            8,
            2,
            10
          ],
          "texture": "#1"
        },
        "south": {
          "uv": [
            5,
            8,
            6,
            10
          ],
          "texture": "#1"
        },
        "west": {
          "uv": [
            2,
            8,
            4,
            10
          ],
          "texture": "#1"
        },
        "up": {
          "uv": [
            7,
            10,
            6,
            8
          ],
          "texture": "#1"
        },
        "down": {
          "uv": [
            8,
            8,
            7,
            10
          ],
          "texture": "#1"
        }
      }
    },
    {
      "from": [
        -2.5,
        7.5,
        7.5
      ],
      "to": [
        5.5,
        8.5,
        8.5
      ],
      "rotation": {
        "angle": -22.5,
        "axis": "x",
        "origin": [
          3,
          8,
          8
        ]
      },
      "faces": {
        "north": {
          "uv": [
            1,
            4,
            8,
            5
          ],
          "texture": "#1"
        },
        "east": {
          "uv": [
            8,
            8,
            9,
            9
          ],
          "texture": "#1"
        },
        "south": {
          "uv": [
            1,
            5,
            8,
            6
          ],
          "texture": "#1"
        },
        "west": {
          "uv": [
            8,
            9,
            9,
            10
          ],
          "texture": "#1"
        },
        "up": {
          "uv": [
            8,
            7,
            1,
            6
          ],
          "texture": "#1"
        },
        "down": {
          "uv": [
            8,
            7,
            1,
            8
          ],
          "texture": "#1"
        }
      }
    },
    {
      "from": [
        4.5,
        7.8,
        7.2
      ],
      "to": [
        16.5,
        8.8,
        8.2
      ],
      "rotation": {
        "angle": 22.5,
        "axis": "x",
        "origin": [
          12,
          8.3,
          7.7
        ]
      },
      "faces": {
        "north": {
          "uv": [
            2,
            0,
            15,
            1
          ],
          "texture": "#1"
        },
        "east": {
          "uv": [
            9,
            9,
            10,
            10
          ],
          "texture": "#1"
        },
        "south": {
          "uv": [
            2,
            1,
            15,
            2
          ],
          "texture": "#1"
        },
        "west": {
          "uv": [
            9,
            8,
            10,
            9
          ],
          "texture": "#1"
        },
        "up": {
          "uv": [
            15,
            3,
            2,
            2
          ],
          "texture": "#1"
        },
        "down": {
          "uv": [
            15,
            3,
            2,
            4
          ],
          "texture": "#1"
        }
      }
    },
    {
      "from": [
        -5.96208,
        6.99908,
        6.18436
      ],
      "to": [
        -2.96208,
        8.99908,
        6.18436
      ],
      "rotation": {
        "angle": -45,
        "axis": "y",
        "origin": [
          -4.62464,
          7.99908,
          7
        ]
      },
      "faces": {
        "north": {
          "uv": [
            5,
            15,
            12,
            10
          ],
          "texture": "#0"
        },
        "east": {
          "uv": [
            0,
            0,
            0,
            1
          ],
          "texture": "#0"
        },
        "south": {
          "uv": [
            12,
            15,
            5,
            10
          ],
          "texture": "#0"
        },
        "west": {
          "uv": [
            0,
            0,
            0,
            1
          ],
          "texture": "#0"
        },
        "up": {
          "uv": [
            2,
            0,
            0,
            0
          ],
          "texture": "#0"
        },
        "down": {
          "uv": [
            2,
            0,
            0,
            0
          ],
          "texture": "#0"
        }
      }
    },
    {
      "from": [
        -8.96208,
        6.99908,
        6.58436
      ],
      "to": [
        -5.96208,
        8.99908,
        6.58436
      ],
      "rotation": {
        "angle": -45,
        "axis": "y",
        "origin": [
          -7.62464,
          7.99908,
          7.4
        ]
      },
      "faces": {
        "north": {
          "uv": [
            5,
            15,
            12,
            10
          ],
          "texture": "#0"
        },
        "east": {
          "uv": [
            0,
            0,
            0,
            1
          ],
          "texture": "#0"
        },
        "south": {
          "uv": [
            12,
            15,
            5,
            10
          ],
          "texture": "#0"
        },
        "west": {
          "uv": [
            0,
            0,
            0,
            1
          ],
          "texture": "#0"
        },
        "up": {
          "uv": [
            2,
            0,
            0,
            0
          ],
          "texture": "#0"
        },
        "down": {
          "uv": [
            2,
            0,
            0,
            0
          ],
          "texture": "#0"
        }
      }
    },
    {
      "from": [
        -10,
        6,
        8
      ],
      "to": [
        -3,
        10,
        8
      ],
      "rotation": {
        "angle": 0,
        "axis": "y",
        "origin": [
          4,
          15.5,
          14.5
        ]
      },
      "faces": {
        "north": {
          "uv": [
            1,
            2,
            16,
            10
          ],
          "texture": "#0"
        },
        "east": {
          "uv": [
            0,
            0,
            0,
            2
          ],
          "texture": "#0"
        },
        "south": {
          "uv": [
            16,
            2,
            1,
            10
          ],
          "texture": "#0"
        },
        "west": {
          "uv": [
            0,
            0,
            0,
            2
          ],
          "texture": "#0"
        },
        "up": {
          "uv": [
            3.5,
            0,
            0,
            0
          ],
          "texture": "#0"
        },
        "down": {
          "uv": [
            3.5,
            0,
            0,
            0
          ],
          "texture": "#0"
        }
      }
    },
    {
      "from": [
        -10,
        8,
        6
      ],
      "to": [
        -3,
        8,
        10
      ],
      "rotation": {
        "angle": 0,
        "axis": "y",
        "origin": [
          -6,
          8,
          8
        ]
      },
      "faces": {
        "north": {
          "uv": [
            0,
            0,
            3.5,
            0
          ],
          "texture": "#0"
        },
        "east": {
          "uv": [
            0,
            0,
            2,
            0
          ],
          "texture": "#0"
        },
        "south": {
          "uv": [
            0,
            0,
            3.5,
            0
          ],
          "texture": "#0"
        },
        "west": {
          "uv": [
            0,
            0,
            2,
            0
          ],
          "texture": "#0"
        },
        "up": {
          "uv": [
            16,
            2,
            1,
            10
          ],
          "texture": "#0"
        },
        "down": {
          "uv": [
            16,
            10,
            1,
            2
          ],
          "texture": "#0"
        }
      }
    },
    {
      "from": [
        -2.57574,
        8.88176,
        7
      ],
      "to": [
        -0.57574,
        8.88176,
        9
      ],
      "rotation": {
        "angle": 22.5,
        "axis": "z",
        "origin": [
          -1.57574,
          8.88176,
          8
        ]
      },
      "faces": {
        "north": {
          "uv": [
            0,
            0,
            1,
            0
          ],
          "texture": "#0"
        },
        "east": {
          "uv": [
            0,
            0,
            1,
            0
          ],
          "texture": "#0"
        },
        "south": {
          "uv": [
            0,
            0,
            1,
            0
          ],
          "texture": "#0"
        },
        "west": {
          "uv": [
            0,
            0,
            1,
            0
          ],
          "texture": "#0"
        },
        "up": {
          "uv": [
            5,
            14,
            1,
            10
          ],
          "texture": "#0"
        },
        "down": {
          "uv": [
            5,
            10,
            1,
            14
          ],
          "texture": "#0"
        }
      }
    },
    {
      "from": [
        -5.62503,
        8.88176,
        7
      ],
      "to": [
        -2.62503,
        8.88176,
        9
      ],
      "rotation": {
        "angle": -45,
        "axis": "z",
        "origin": [
          -3.62503,
          8.88176,
          8.5
        ]
      },
      "faces": {
        "north": {
          "uv": [
            0,
            0,
            1.5,
            0
          ],
          "texture": "#0"
        },
        "east": {
          "uv": [
            0,
            0,
            1,
            0
          ],
          "texture": "#0"
        },
        "south": {
          "uv": [
            0,
            0,
            1.5,
            0
          ],
          "texture": "#0"
        },
        "west": {
          "uv": [
            0,
            0,
            1,
            0
          ],
          "texture": "#0"
        },
        "up": {
          "uv": [
            12,
            10,
            5,
            15
          ],
          "texture": "#0"
        },
        "down": {
          "uv": [
            12,
            15,
            5,
            10
          ],
          "texture": "#0"
        }
      }
    },
    {
      "from": [
        -6.62503,
        9.18176,
        7
      ],
      "to": [
        -3.62503,
        9.18176,
        9
      ],
      "rotation": {
        "angle": -22.5,
        "axis": "z",
        "origin": [
          -4.62503,
          9.18176,
          8
        ]
      },
      "faces": {
        "north": {
          "uv": [
            0,
            0,
            1.5,
            0
          ],
          "texture": "#0"
        },
        "east": {
          "uv": [
            0,
            0,
            1,
            0
          ],
          "texture": "#0"
        },
        "south": {
          "uv": [
            0,
            0,
            1.5,
            0
          ],
          "texture": "#0"
        },
        "west": {
          "uv": [
            0,
            0,
            1,
            0
          ],
          "texture": "#0"
        },
        "up": {
          "uv": [
            12,
            10,
            5,
            15
          ],
          "texture": "#0"
        },
        "down": {
          "uv": [
            12,
            15,
            5,
            10
          ],
          "texture": "#0"
        }
      }
    },
    {
      "from": [
        -8.22503,
        8.68176,
        7
      ],
      "to": [
        -5.22503,
        8.68176,
        9
      ],
      "rotation": {
        "angle": -22.5,
        "axis": "z",
        "origin": [
          -7.22503,
          8.68176,
          8
        ]
      },
      "faces": {
        "north": {
          "uv": [
            0,
            0,
            2,
            0
          ],
          "texture": "#0"
        },
        "east": {
          "uv": [
            0,
            0,
            1,
            0
          ],
          "texture": "#0"
        },
        "south": {
          "uv": [
            0,
            0,
            2,
            0
          ],
          "texture": "#0"
        },
        "west": {
          "uv": [
            0,
            0,
            1,
            0
          ],
          "texture": "#0"
        },
        "up": {
          "uv": [
            12,
            10,
            5,
            15
          ],
          "texture": "#0"
        },
        "down": {
          "uv": [
            12,
            15,
            5,
            10
          ],
          "texture": "#0"
        }
      }
    },
    {
      "from": [
        -2.23798,
        6.99908,
        8.81535
      ],
      "to": [
        -0.23798,
        8.99908,
        8.81535
      ],
      "rotation": {
        "angle": -22.5,
        "axis": "y",
        "origin": [
          -1.57612,
          7.99908,
          8
        ]
      },
      "faces": {
        "north": {
          "uv": [
            1,
            14,
            5,
            10
          ],
          "texture": "#0"
        },
        "east": {
          "uv": [
            0,
            0,
            0,
            1
          ],
          "texture": "#0"
        },
        "south": {
          "uv": [
            5,
            14,
            1,
            10
          ],
          "texture": "#0"
        },
        "west": {
          "uv": [
            0,
            0,
            0,
            1
          ],
          "texture": "#0"
        },
        "up": {
          "uv": [
            1,
            0,
            0,
            0
          ],
          "texture": "#0"
        },
        "down": {
          "uv": [
            1,
            0,
            0,
            0
          ],
          "texture": "#0"
        }
      }
    },
    {
      "from": [
        -6.26279,
        6.99908,
        8.81535
      ],
      "to": [
        -3.26279,
        8.99908,
        8.81535
      ],
      "rotation": {
        "angle": 22.5,
        "axis": "y",
        "origin": [
          -3.92464,
          7.99908,
          8
        ]
      },
      "faces": {
        "north": {
          "uv": [
            5,
            10,
            12,
            15
          ],
          "texture": "#0"
        },
        "east": {
          "uv": [
            0,
            0,
            0,
            1
          ],
          "texture": "#0"
        },
        "south": {
          "uv": [
            12,
            10,
            5,
            15
          ],
          "texture": "#0"
        },
        "west": {
          "uv": [
            0,
            0,
            0,
            1
          ],
          "texture": "#0"
        },
        "up": {
          "uv": [
            1.5,
            0,
            0,
            0
          ],
          "texture": "#0"
        },
        "down": {
          "uv": [
            1.5,
            0,
            0,
            0
          ],
          "texture": "#0"
        }
      }
    },
    {
      "from": [
        -8.56279,
        6.99908,
        8.81535
      ],
      "to": [
        -4.56279,
        8.99908,
        8.81535
      ],
      "rotation": {
        "angle": 45,
        "axis": "y",
        "origin": [
          -6.22464,
          7.99908,
          8
        ]
      },
      "faces": {
        "north": {
          "uv": [
            5,
            10,
            12,
            15
          ],
          "texture": "#0"
        },
        "east": {
          "uv": [
            0,
            0,
            0,
            1
          ],
          "texture": "#0"
        },
        "south": {
          "uv": [
            12,
            10,
            5,
            15
          ],
          "texture": "#0"
        },
        "west": {
          "uv": [
            0,
            0,
            0,
            1
          ],
          "texture": "#0"
        },
        "up": {
          "uv": [
            2,
            0,
            0,
            0
          ],
          "texture": "#0"
        },
        "down": {
          "uv": [
            2,
            0,
            0,
            0
          ],
          "texture": "#0"
        }
      }
    },
    {
      "from": [
        -2.5765,
        7.11639,
        7
      ],
      "to": [
        -0.5765,
        7.11639,
        9
      ],
      "rotation": {
        "angle": -22.5,
        "axis": "z",
        "origin": [
          -1.5765,
          7.11639,
          8
        ]
      },
      "faces": {
        "north": {
          "uv": [
            0,
            0,
            1,
            0
          ],
          "texture": "#0"
        },
        "east": {
          "uv": [
            0,
            0,
            1,
            0
          ],
          "texture": "#0"
        },
        "south": {
          "uv": [
            0,
            0,
            1,
            0
          ],
          "texture": "#0"
        },
        "west": {
          "uv": [
            0,
            0,
            1,
            0
          ],
          "texture": "#0"
        },
        "up": {
          "uv": [
            5,
            10,
            1,
            14
          ],
          "texture": "#0"
        },
        "down": {
          "uv": [
            5,
            14,
            1,
            10
          ],
          "texture": "#0"
        }
      }
    },
    {
      "from": [
        -5.92426,
        7.11639,
        7
      ],
      "to": [
        -2.92426,
        7.11639,
        9
      ],
      "rotation": {
        "angle": 22.5,
        "axis": "z",
        "origin": [
          -3.92426,
          7.11639,
          8
        ]
      },
      "faces": {
        "north": {
          "uv": [
            0,
            0,
            1.5,
            0
          ],
          "texture": "#0"
        },
        "east": {
          "uv": [
            0,
            0,
            1,
            0
          ],
          "texture": "#0"
        },
        "south": {
          "uv": [
            0,
            0,
            1.5,
            0
          ],
          "texture": "#0"
        },
        "west": {
          "uv": [
            0,
            0,
            1,
            0
          ],
          "texture": "#0"
        },
        "up": {
          "uv": [
            12,
            15,
            5,
            10
          ],
          "texture": "#0"
        },
        "down": {
          "uv": [
            12,
            10,
            5,
            15
          ],
          "texture": "#0"
        }
      }
    },
    {
      "from": [
        -6.82426,
        7.31639,
        7
      ],
      "to": [
        -3.82426,
        7.31639,
        9
      ],
      "rotation": {
        "angle": 45,
        "axis": "z",
        "origin": [
          -4.82426,
          7.31639,
          8
        ]
      },
      "faces": {
        "north": {
          "uv": [
            0,
            0,
            1.5,
            0
          ],
          "texture": "#0"
        },
        "east": {
          "uv": [
            0,
            0,
            1,
            0
          ],
          "texture": "#0"
        },
        "south": {
          "uv": [
            0,
            0,
            1.5,
            0
          ],
          "texture": "#0"
        },
        "west": {
          "uv": [
            0,
            0,
            1,
            0
          ],
          "texture": "#0"
        },
        "up": {
          "uv": [
            12,
            15,
            5,
            10
          ],
          "texture": "#0"
        },
        "down": {
          "uv": [
            12,
            10,
            5,
            15
          ],
          "texture": "#0"
        }
      }
    },
    {
      "from": [
        -7.82426,
        7.31639,
        7
      ],
      "to": [
        -4.82426,
        7.31639,
        9
      ],
      "rotation": {
        "angle": 45,
        "axis": "z",
        "origin": [
          -5.82426,
          7.31639,
          8
        ]
      },
      "faces": {
        "north": {
          "uv": [
            0,
            0,
            2,
            0
          ],
          "texture": "#0"
        },
        "east": {
          "uv": [
            0,
            0,
            1,
            0
          ],
          "texture": "#0"
        },
        "south": {
          "uv": [
            0,
            0,
            2,
            0
          ],
          "texture": "#0"
        },
        "west": {
          "uv": [
            0,
            0,
            1,
            0
          ],
          "texture": "#0"
        },
        "up": {
          "uv": [
            12,
            15,
            5,
            10
          ],
          "texture": "#0"
        },
        "down": {
          "uv": [
            12,
            10,
            5,
            15
          ],
          "texture": "#0"
        }
      }
    },
    {
      "from": [
        -2.23869,
        6.99908,
        7.18436
      ],
      "to": [
        -0.23869,
        8.99908,
        7.18436
      ],
      "rotation": {
        "angle": 22.5,
        "axis": "y",
        "origin": [
          -1.57612,
          7.99908,
          8
        ]
      },
      "faces": {
        "north": {
          "uv": [
            1,
            10,
            5,
            14
          ],
          "texture": "#0"
        },
        "east": {
          "uv": [
            0,
            0,
            0,
            1
          ],
          "texture": "#0"
        },
        "south": {
          "uv": [
            5,
            10,
            1,
            14
          ],
          "texture": "#0"
        },
        "west": {
          "uv": [
            0,
            0,
            0,
            1
          ],
          "texture": "#0"
        },
        "up": {
          "uv": [
            1,
            0,
            0,
            0
          ],
          "texture": "#0"
        },
        "down": {
          "uv": [
            1,
            0,
            0,
            0
          ],
          "texture": "#0"
        }
      }
    },
    {
      "from": [
        -7.36208,
        6.99908,
        6.68436
      ],
      "to": [
        -4.36208,
        8.99908,
        6.68436
      ],
      "rotation": {
        "angle": -22.5,
        "axis": "y",
        "origin": [
          -5.02464,
          7.99908,
          7.5
        ]
      },
      "faces": {
        "north": {
          "uv": [
            5,
            15,
            12,
            10
          ],
          "texture": "#0"
        },
        "east": {
          "uv": [
            0,
            0,
            0,
            1
          ],
          "texture": "#0"
        },
        "south": {
          "uv": [
            12,
            15,
            5,
            10
          ],
          "texture": "#0"
        },
        "west": {
          "uv": [
            0,
            0,
            0,
            1
          ],
          "texture": "#0"
        },
        "up": {
          "uv": [
            1.5,
            0,
            0,
            0
          ],
          "texture": "#0"
        },
        "down": {
          "uv": [
            1.5,
            0,
            0,
            0
          ],
          "texture": "#0"
        }
      }
    }
  ],
  "display": {
    "thirdperson_righthand": {
      "rotation": [
        90,
        90,
        0
      ],
      "translation": [
        0,
        0,
        1.5
      ],
      "scale": [
        1.5,
        1.5,
        1.5
      ]
    },
    "thirdperson_lefthand": {
      "rotation": [
        90,
        -90,
        0
      ],
      "translation": [
        0,
        0,
        1.5
      ],
      "scale": [
        1.5,
        1.5,
        1.5
      ]
    },
    "firstperson_righthand": {
      "rotation": [
        0,
        90,
        75
      ],
      "translation": [
        0,
        2,
        2
      ]
    },
    "firstperson_lefthand": {
      "rotation": [
        0,
        -90,
        -75
      ],
      "translation": [
        0,
        2,
        2
      ]
    },
    "ground": {
      "translation": [
        0,
        -4,
        0
      ]
    },
    "gui": {
      "rotation": [
        26,
        16,
        41
      ],
      "translation": [
        1.25,
        1.25,
        0
      ],
      "scale": [
        0.6,
        0.6,
        0.6
      ]
    },
    "head": {
      "rotation": [
        0,
        90,
        0
      ],
      "translation": [
        0,
        0.5,
        -17
      ],
      "scale": [
        3,
        3,
        3
      ]
    },
    "fixed": {
      "rotation": [
        0,
        0,
        135
      ],
      "translation": [
        -1,
        1,
        -0.5
      ],
      "scale": [
        0.75,
        0.75,
        0.75
      ]
    }
  },
  "groups": [
    {
      "name": "handle",
      "origin": [
        15,
        8.3,
        7.7
      ],
      "children": [
        0,
        1,
        2
      ]
    },
    {
      "name": "brush",
      "origin": [
        -4.62464,
        7.99908,
        8
      ],
      "children": [
        3,
        4,
        5,
        6,
        7,
        8,
        9,
        10,
        11,
        12,
        13,
        14,
        15,
        16,
        17,
        18,
        19
      ]
    }
  ]
}